"pseudo_id","ad_age","ad_gender","time_spent_avg","par_negative_affect","ad_negative_affect","par_inter_problem_solving_avg","par_inter_corumination_avg","par_inter_reappraisal_avg","par_inter_acceptance_avg","par_inter_distraction_avg","par_inter_suppression_avg","par_intra_rumination_avg","par_intra_distraction_avg","par_intra_reappraisal_avg","par_intra_problem_solving_avg","par_intra_suppression_avg","par_intra_acceptance_avg","ad_inter_problem_solving_avg","ad_inter_corumination_avg","ad_inter_reappraisal_avg","ad_inter_acceptance_avg","ad_inter_distraction_avg","ad_inter_suppression_avg","ad_intra_rumination_avg","ad_intra_distraction_avg","ad_intra_reappraisal_avg","ad_intra_problem_solving_avg","ad_intra_suppression_avg","ad_intra_acceptance_avg"
20040,16,"Female",-0.752631073619583,-0.0986041338687513,0.769032514628271,1.28932725765703,1.27390163591914,1.63469135375877,1.35453315016342,1.38859802321864,0.367935567915781,0.495277170855591,1.14169126893468,1.0228426877402,1.32548291774386,0.779591682862081,0.594364157702277,0.624018227091598,0.80591209028776,0.262928136584553,0.680027103799373,0.167967208872378,0.590554500049705,1.8717612012073,0.452932544227962,0.83773202487944,0.788474632201321,0.471181350657045,0.0813886311030749
44786,13,"Male",1.02187873030199,0.205099569834952,-0.358200600840139,0.752290220619993,0.162790524808026,-0.16160494253753,0.0952738909041633,0.1478572824779,-0.187619987639775,0.859474701719789,0.660209787453202,0.831484663048838,-0.0572331316388583,1.89996205323245,0.594364157702277,-0.633062382930189,-0.19408790971224,-0.641211296966645,-0.496443484435921,-0.448590525332415,-0.232974911715001,-0.3838669759895,-0.909449445605007,-0.800612201700081,-0.562287895031794,-0.0277293247242181,-0.827108100923069
94382,13,"Male",-0.367010158586904,0.0421366068719893,-0.106348748988287,0.41895688728666,-0.170542808525308,0.912469131536545,-0.423244627614355,-0.629920495299877,-0.187619987639775,-0.0664512242061375,0.104654231897647,0.374694539592047,0.37486563379324,-0.933371280100882,-0.701932138594019,-0.188617938485744,-0.0829767986011287,-0.0486187043740528,-0.0519990399914768,-0.485627562369452,-0.195937874677964,-0.0258422846314758,-0.514387717209946,-0.417896152317366,-0.364757030834263,0.157455860460967,0.135854862039894
75198,12,"Male",-0.0336768252535702,-0.113418948683566,-0.328570971210509,-0.544006075676303,0.199827561845063,-0.680123461056048,-0.904726109095837,-0.703994569373951,0.330898530878744,-0.362747520502434,-0.413864286620872,-0.0450585468277056,-0.304146711885772,2.12218427545467,-1.1834136200755,-0.670099419967226,-0.19408790971224,-0.678248334003682,-0.496443484435921,-0.596738673480563,-0.232974911715001,-0.581397840187031,-0.551424754246982,-0.961106028860575,-0.833892833303399,0.75004845305356,0.802521528706561
87392,13,"Female",-0.190422856999602,-0.202572387837005,-0.304496897136435,0.749644717974491,-0.170542808525308,0.305326274393688,-0.978800183169911,-0.460608325987708,-0.187619987639775,-0.340701665123245,-0.540848413604999,0.622049036946545,0.263313605574545,2.44030596857637,-1.44531838198026,-0.670099419967226,-0.19408790971224,-0.678248334003682,-0.460729198721635,-0.596738673480563,-0.232974911715001,-0.332720591509783,-0.244546447368675,-0.985797386885267,-0.727631810375709,-1.35444890144379,-0.342981116796085
40294,15,"Male",-1.3154228569996,-0.188286673551291,0.295503102863565,0.285359003688776,-0.170542808525308,-0.516102297034884,0.342628388258661,-0.889179754559137,-0.187619987639775,-0.412130236551816,0.435342062585476,0.824429989327497,0.239504081765022,-0.684694031423633,2.12611018944831,0.579900580032774,0.234483518859189,0.214608808853461,0.289270801278365,0.153261326519437,0.267025088284999,1.17918417039498,0.267358314536086,0.145154994067114,0.5818919991481,0.341979669984776,-0.235838259653228
34746,16,"Female",-0.880899047475792,0.0319514216868042,-0.0544968971364352,0.761549479879253,-0.128876141858641,0.912469131536545,0.771199816830089,1.15248691210753,0.145713345693559,-0.0926857921073721,1.26669126893468,1.10617602107353,1.39029773255867,-0.428741650471253,0.274919713257833,-0.583142898228095,-0.19408790971224,-0.591291812264552,-0.496443484435921,-0.466303890871867,-0.232974911715001,-0.451768210557402,-0.458832161654389,-0.425191326279206,-0.661614494358393,0.528667981673088,0.773902000087032
24652,13,"Female",0.857434285857541,-0.0977152449798624,0.00150310286356481,0.918216146545919,1.62945719147469,1.35246913153654,1.66119981683009,0.590820245440863,1.57238001236023,0.401203096781517,0.85724682449024,0.220620465517973,0.638075510336451,0.169591682862081,0.323253046591166,-0.590099419967226,-0.19408790971224,-0.678248334003682,-0.416443484435921,-0.396738673480563,-0.232974911715001,1.06156512277593,-0.465498828321058,-0.265797386885267,0.114749142005243,0.684122527127633,1.40844745463249
73696,17,"Female",-0.0832799998567446,-0.152572387837005,0.0240745314349935,-1.32178385345408,-0.134828522811022,-1.05181658274917,-0.943085897455625,-0.889179754559137,-0.187619987639775,-0.364511188932769,-1.26703888979547,-1.25890334400584,-1.0343054420445,-1.3811226028522,-1.44531838198026,-0.455813705681512,-0.19408790971224,-0.678248334003682,-0.496443484435921,-0.596738673480563,-0.232974911715001,0.202993694204502,-0.732641685463914,-0.438178339266219,-0.489536572280471,0.0741225271276336,0.192733168918201
41166,12,"Male",1.05891576733902,-0.180085615350233,-0.0619043045438425,0.270808739138512,-0.170542808525308,0.4680246870921,0.428607224237497,-0.518809384188766,-0.187619987639775,0.266882109127196,-0.599049471806057,-0.612959781395607,-0.53871461312034,0.177739831010229,-0.738969175631056,-0.670099419967226,-0.19408790971224,-0.678248334003682,-0.496443484435921,-0.596738673480563,-0.232974911715001,-0.359175617964809,-0.748955618444513,-0.23271096713218,-0.352411351821917,-0.601803398798292,-0.678959952774921
49728,13,"Female",0.931600952524207,-0.126381911646529,-0.346163563803102,-1.11345052012075,-0.170542808525308,-0.754197535130122,-0.728800183169911,-0.805846421225803,-0.104286654306441,-0.203796903218483,-0.733308731065316,-0.963268423370916,-0.734702267441327,-0.845408317137919,-1.14174695340883,-0.670099419967226,-0.19408790971224,-0.678248334003682,-0.496443484435921,-0.555072006813896,-0.232974911715001,-0.312879321668513,-0.681054383876612,-0.763575164663044,-0.761361969105868,0.324122527127634,-1.27155254536751
47048,12,"Male",-0.502565714142459,0.342284755020138,0.409503102863565,-0.0417838534540809,-0.130542808525308,-0.367530868463455,0.101199816830089,-0.129179754559136,-0.187619987639775,-0.0654635698851497,0.390580157823574,-0.246046201148693,0.531408843669784,-0.370408317137919,-0.276746953408834,-0.550099419967226,-0.15408790971224,-0.638248334003682,-0.496443484435921,-0.596738673480563,-0.232974911715001,-0.431768210557402,0.587834505012276,-0.4791307202186,-0.49858419132809,1.30412252712763,-0.0715525453675132
78450,14,"Male",0.11191704447823,-0.120060072566069,-0.40622103506747,-0.528680405178219,-0.170542808525308,-0.67373776501518,-0.323627769376807,-0.371938375248792,-0.0152061945363264,0.403961717471172,0.20299395092702,-0.860299074711912,-0.622154374721021,0.719246855275874,0.448770287970476,-0.670099419967226,-0.19408790971224,-0.678248334003682,-0.496443484435921,-0.596738673480563,-0.232974911715001,-0.583952118603379,-0.579521816826804,-0.893843363896761,-0.548239363741884,-1.10691195563099,-0.754311166057169
18914,17,"Female",-0.797565714142459,-0.143048578313196,-0.221163563803102,-0.988450520120748,-0.170542808525308,-0.837530868463455,-0.395466849836577,-0.514179754559137,-0.187619987639775,-0.412130236551816,-0.483308731065316,-1.11604620114869,-0.943035600774661,-0.866241650471252,-0.183413620075501,-0.545099419967226,-0.19408790971224,-0.553248334003682,-0.413110151102588,-0.596738673480563,-0.232974911715001,-0.257323766112957,-0.917165494987724,-0.430241831329711,-0.247473080216979,-1.53004413953903,-1.18821921203418
22606,12,"Male",0.46632317474643,-0.0986041338687513,-0.195237637877176,-0.58104311271334,-0.13350577148827,-0.717160498093085,-0.571392775762503,-0.0373279027072847,0.108676308656522,-0.165216656304903,-0.734851940941859,-0.884564719667212,-0.884393625466019,-0.0444823912119932,-0.183413620075501,-0.558988308856115,-0.120013835638166,-0.567137222892571,0.24429725630482,-0.337479414221304,-0.12186380060389,-0.482632408088266,-1.15636302585192,-0.924068991823538,-0.710436043179942,-0.972173769168663,-0.382663656478625
72819,15,"Male",-0.307181098757844,0.205669370404753,0.445503102863565,1.755139223469,0.0217648837823848,1.79708451615193,1.36735366298394,2.11082024544086,-0.110696910716698,-0.348027672449252,-0.674548047304633,0.96728713218464,0.469357561618501,0.433437836708235,0.675560738898858,0.637592887725082,0.421296705672376,0.937136281380933,0.157402669410233,0.441722864980975,0.113178934438845,0.83028307149388,0.695013992191764,0.655228254140375,0.654236321492421,1.20873791174302,-0.0792448530598211
19915,13,"Female",1.05891576733902,-0.091196726461344,-0.135978378617917,-0.321783853454081,-0.0964687344512334,-0.16160494253753,-0.163985368355096,-0.00029086567024772,-0.187619987639775,0.0199685288802822,0.339222133132214,-0.859873361642521,-0.71155411929318,-0.303741650471252,-0.405635842297723,1.21878946892166,0.0281343125099823,1.02545536970002,0.910963922971486,1.29215021540833,-0.084826763566853,-0.371521296977155,-0.736609939432168,0.878400143978931,1.12907012965956,-0.37958117657607,0.506225232410264
56177,16,"Male",-1.96423238080913,-0.0847152449798625,0.112169769530232,1.71988281321259,0.621123858141359,1.91246913153654,1.77119981683009,0.65248691210753,0.812380012360225,0.323980874559295,0.225024602268017,1.66173157662908,1.02918662144756,0.529591682862081,1.35825304659117,-0.461766086633893,-0.110754576378906,-0.511581667337016,-0.246443484435921,-0.430072006813896,-0.0663082450483345,0.909342900553709,2.19394561612339,0.569758168670289,0.155304697560799,0.949122527127634,0.853447454632487
29655,14,"Female",0.697434285857541,-0.209715244979862,-0.134496897136435,-1.16178385345408,-0.170542808525308,-0.887530868463456,-0.778800183169911,-0.809179754559137,-0.187619987639775,-0.412130236551816,-1.19608650884309,-1.20604620114869,-0.988591156330216,-1.47040831713792,-1.35674695340883,-0.0700994199672257,-0.11408790971224,-0.238248334003682,-0.456443484435921,-0.356738673480563,-0.232974911715001,0.261565122775932,-0.345498828321056,0.974202613114733,1.16808247533858,-0.735877472872366,-0.831552545367513
51961,16,"Female",0.213797922221178,-0.183628288458123,-0.314496897136435,-0.582653418671472,-0.170542808525308,-0.217965651072151,1.41250416465618,0.284733288919124,-0.187619987639775,-0.0932896568416715,0.871159867968501,-0.395031708395071,-0.212359272272245,0.812200378514255,1.35281826398247,-0.432004181871988,-0.19408790971224,-0.487772143527492,-0.401205389197826,-0.501500578242468,-0.185355864095954,0.0852688264796354,0.318945616123387,-0.319130720218601,0.308082475338577,-0.536988583983478,0.339558565743598
85253,13,"Female",-0.6633064548832,-0.0319374672020847,-0.43968208232162,-0.136598668268896,-0.170542808525308,0.0976543167217296,-0.23805944242917,-0.111401976781359,-0.0765088765286636,0.439721615300035,0.314530775107523,0.350003181567356,0.152643411571019,0.677739831010229,0.483253046591166,0.996567246699441,-0.19408790971224,0.803233147477799,-0.200147188139625,0.144002067260178,-0.195937874677964,-0.519669445125303,0.065859196370301,1.6808692797814,0.227835561758329,0.583381786386893,-0.493774767589736
10857,18,"Male",-1.27970857128532,-0.162096197360815,-0.130687373326911,-0.0836886153588428,-0.170542808525308,0.19818341725083,-0.883562087931815,0.396534531155149,-0.140000940020727,-0.237527061948642,0.363913491156906,0.570461735359243,-0.0977975055365659,0.743877397147795,-0.897699334361215,-0.432004181871988,-0.0512307668550969,-0.202057857813206,0.0273660393736027,0.498499421757532,-0.232974911715001,0.0323587735695822,0.104659901837674,0.426901025813145,0.204907872163973,1.03840824141335,0.537971264156296
48744,12,"Female",0.64639980309892,0.300629582606344,1.35929620631184,0.126492008614885,0.450146846647106,0.222813959122751,0.228096368554227,0.145303004061553,0.29513863304988,0.128099648505655,0.616787054375297,0.381080235632916,0.34336286665829,0.236488234586219,0.13842546038427,-0.0838925234155018,0.116256917873967,-0.195489713314027,0.0552806534951134,-0.113980052790908,-0.0260783599908633,1.0482317894426,0.385995424552507,0.979719854494043,0.647162935108691,0.824122527127634,0.245688833942831
53178,14,"Male",1.15435736278062,0.221053985789368,-0.316035358674897,1.02436999269977,0.521764883782385,1.48939220845962,1.02119981683009,1.26466639928702,1.04314924312946,0.203254378832799,-0.392496765253351,1.27497943987695,0.571921664182603,0.568053221323619,0.675560738898858,-0.593176343044149,-0.0402417558660859,-0.216709872465221,-0.496443484435921,-0.519815596557486,-0.156051834791924,-0.49022974901894,-1.07421677703901,-0.49861789970578,-0.230379063122962,-1.52203131902621,-0.810014083829052
83150,14,"Female",1.18854539696865,0.245840310575693,-0.421163563803102,0.733771702101474,0.718346080363581,1.07913579820321,1.07675537238564,1.11082024544086,0.479046679026892,0.643425319003739,0.826876454119868,0.393213058110565,0.844001436262376,-0.359297206026808,0.538808602146721,1.21878946892166,-0.138532354156684,1.21064055488521,1.28133429334186,1.0699279931861,-0.232974911715001,-0.192508951298142,1.20783450501228,0.921610020522141,0.919193586449687,-0.675877472872366,0.117336343521375
41923,14,"Other:",-0.0402127729659885,-0.19795053909751,-0.430967485371729,0.266451440663566,-0.170542808525308,1.08893971977184,0.491788052124207,0.640232010146746,-0.187619987639775,-0.353306707140052,0.0697958440980819,-0.444477573697713,0.0161147260227243,-1.38217302302027,-0.281452835761775,-0.670099419967226,-0.19408790971224,-0.678248334003682,-0.496443484435921,-0.596738673480563,-0.232974911715001,-0.618434877224068,-1.2137341224387,-0.985797386885267,-0.81936850505358,-1.67587747287237,-1.27155254536751
91453,13,"Male",0.125053333476588,0.571237135972518,-0.387830230469768,0.0115494798792526,0.829457191474692,0.0553262743936873,0.449771245401518,0.396534531155149,0.193332393312606,0.905330080908501,0.522643649887066,-0.11207794718044,0.251408843669784,1.22006787333827,0.721348284686404,-0.622480372348178,-0.19408790971224,-0.630629286384635,-0.401205389197826,-0.596738673480563,-0.232974911715001,-0.491450750239941,-1.02232422514645,-0.922305323393203,-0.6681080008519,-1.10444890144379,-1.27155254536751
86917,16,"Male",1.13743428585754,-0.0897152449798624,0.0975031028635649,-0.521783853454081,-0.170542808525308,-0.367530868463455,-0.498800183169911,-0.449179754559137,-0.0276199876397747,-0.372130236551816,-0.14275317550976,-0.739379534482027,-0.335257822996883,0.529591682862081,0.363253046591166,-0.150099419967226,0.36591209028776,0.161751665996318,0.223556515564079,0.163261326519437,0.287025088284999,-0.205101543890735,-0.87883216165439,-0.7191307202186,-0.53858419132809,-1.21587747287237,-0.991552545367513
47929,13,"Female",1.22558243400569,-0.202307837572455,0.145503102863565,0.270808739138512,-0.13350577148827,-0.235679016611604,0.428607224237497,-0.296587161966544,0.25682445680467,-0.28867344642836,-0.241024780448033,0.535188366752541,0.37486563379324,-0.0444823912119932,0.890660453998573,1.32990058003277,1.69052747490314,1.36021320445786,1.46509497710254,1.17249209575021,1.767025088285,0.804642045852855,1.00270629988407,1.01420261311473,1.06449273174883,0.324122527127634,0.766908993094025
42892,17,"Female",0.884934285857541,-0.193048578313196,-0.254496897136435,0.761549479879253,-0.170542808525308,0.870802464869878,-0.437133516503244,0.65248691210753,-0.020953320973108,-0.412130236551816,0.586135713379128,0.689509354406862,0.945853288114228,-0.720408317137919,-1.26674695340883,-0.545099419967226,-0.110754576378906,-0.428248334003682,-0.454776817769254,-0.596738673480563,-0.232974911715001,-0.521212655001846,-0.361609939432168,-0.874686275774156,-0.400250857994757,-0.9467108062057,-1.06321921203418
64037,15,"Male",0.173588132011387,-0.0789460142106317,-0.269881512521051,0.178216146545919,-0.0936197316022306,0.143238362305775,0.175045970676243,0.226204860825479,-0.0722353722551593,-0.296745621167201,-0.841214713971299,-0.417328252430744,-0.72295013068919,-0.239639086368688,-0.785977722639603,2.560669810802,0.267450551826222,2.97559781984247,1.31124882325639,2.8647997880579,0.843948165208076,0.137975379186187,2.50270629988407,2.73215133106345,1.15423632149242,1.07412252712763,1.42075514694018
97790,12,"Male",1.45743428585754,-0.0657152449798626,-0.182496897136435,0.318216146545919,-0.170542808525308,-0.167530868463455,-0.57880018316991,-0.329179754559137,-0.147619987639775,-0.358796903218483,-0.196086508843094,-0.406046201148693,-0.0552578229968834,-1.03040831713792,-0.196746953408834,-0.310099419967226,-0.11408790971224,0.00175166599631771,-0.176443484435921,-0.196738673480563,0.167025088284999,0.208231789442599,0.48116783834561,-0.2791307202186,-0.17858419132809,0.304122527127634,0.488447454632487
91907,13,"Male",0.442818901242156,-0.171253706518324,-0.400650743290281,-0.744860776531004,-0.170542808525308,-0.395223176155763,-0.978800183169911,-0.581487446866829,-0.110696910716698,-0.309566133987714,-0.430958303714889,-0.596815431917925,-0.556283464022524,-1.20117754790715,-1.4782854149473,-0.516253266121072,-0.155626371250701,-0.524402180157528,-0.496443484435921,-0.596738673480563,-0.194513373253463,-0.567152825942017,-0.471652674474902,-0.267848668936548,-0.397045729789629,-1.34895439594929,-1.19462946844444
69452,13,"Male",1.27386285728611,-0.088286673551291,-0.404496897136435,0.106787575117347,-0.0633999513824504,-0.873245154177741,-0.657371611741339,-0.460608325987708,-0.187619987639775,-0.126415950837531,-0.11227698503357,-0.437474772577265,-0.296210203949264,-0.148979745709348,0.0546816180197376,-0.277242277110083,-0.19408790971224,-0.213962619717968,-0.42501491300735,-0.0610243877662773,-0.232974911715001,-0.570815829605021,-0.351689304511533,-0.664368815456695,-0.6681080008519,0.359836812841919,-0.592981116796085
90195,14,"Male",0.269741978165233,-0.125099860364478,-0.262496897136435,-0.667937699607927,-0.170542808525308,-0.97214625307884,0.0596613552916279,-0.773795139174521,-0.187619987639775,0.485305660884081,-0.110445483202068,-0.327584662687155,-0.299873207612267,0.433437836708235,0.560176123514243,-0.630099419967226,-0.19408790971224,-0.598248334003682,-0.496443484435921,-0.596738673480563,-0.232974911715001,-0.485101543890735,-1.13216549498772,-0.985797386885267,-0.791917524661424,-1.05587747287237,-0.831552545367513
61461,13,"Male",-0.708279999856745,-0.152572387837005,-0.333068325707864,2.28535900368878,0.329457191474692,2.30532627439369,0.699771245401518,2.53939167401229,2.06238001236023,0.337869763448184,2.09010396734738,2.2291918940894,2.16807551033645,1.6188773971478,0.483253046591166,2.65132915146135,0.270197804573474,2.50032309456775,0.682127944135507,2.61754704080515,1.30273937399928,0.0482317894425978,1.8268821240599,2.50229785120997,2.02236818962429,1.57412252712763,0.942733168918201
11134,16,"Male",-0.422565714142459,0.474900139635522,0.614733872094334,-0.783322314992542,-0.170542808525308,-0.395223176155763,-0.555723260092988,-0.81225667763606,-0.0722353722551593,0.549408224986645,-0.0591634319200167,1.12113328603079,0.905254997515938,1.10651475978516,0.444791508129627,0.0991313492635435,0.382835167210837,0.0909824352270869,-0.26567425366669,-0.442892519634409,-0.194513373253463,0.163616404827214,0.759116556294328,0.270612869524989,0.410646577902679,0.574122527127634,0.266908993094025
61524,13,"Female",-0.0892323808091255,0.419914384649767,-0.187830230469769,0.196734665064437,-0.0594316974141965,-0.235679016611604,0.1323109279412,0.0367461713667893,-0.0765088765286636,-0.0294141871691003,0.215765343008758,-0.316663485099311,0.202026127620401,-0.377815724545327,0.00177156510968457,-0.484914234782041,-0.19408790971224,-0.381952037707386,-0.38533237332481,-0.596738673480563,-0.232974911715001,-0.606089198211723,0.115241912419684,-0.825303559724773,-0.673399006142905,-0.898099695094589,-0.864145137960106
46248,13,"Female",0.34666505508831,-0.171253706518324,-0.158496897136435,0.216677685007458,0.0217648837823847,0.412469131536545,0.0596613552916279,0.495435630056248,-0.187619987639775,0.228895404473824,0.492118619362034,0.223697388594897,0.110383202644142,0.0680532213236194,0.214022277360397,-0.0700994199672259,-0.19408790971224,-0.558248334003682,-0.456443484435921,-0.0767386734805631,-0.152974911715001,0.0482317894425986,1.52116783834561,1.05420261311473,1.34141580867191,0.264122527127634,-0.471552545367513
34232,14,"Male",-1.45827999985674,-0.131143816408434,-0.411639754279292,-0.857498139168367,-0.0991142370967361,-0.158959439892027,-0.0502287545984822,-0.353465468844851,-0.0447628447826318,-0.114511188932769,0.625818253061667,0.360144275041783,0.22759931986026,0.351020254290652,0.768967332305452,-0.527242277110083,-0.19408790971224,-0.678248334003682,-0.282157770150207,-0.346738673480563,-0.16154634028643,-0.308911067700259,0.814977362155133,-0.688178339266219,-0.239536572280471,0.734836812841919,-0.521552545367513
37825,18,"Female",-1.42256571414246,-0.109715244979862,-0.211639754279292,-1.10749813916837,-0.170542808525308,-1.01610229703488,-0.550228754598482,-0.889179754559137,-0.187619987639775,-0.293082617504197,-0.993229365985951,-1.1755700106725,-0.96287687061593,-1.04183688856649,-0.445318381980262,-0.670099419967226,-0.19408790971224,-0.678248334003682,-0.496443484435921,-0.596738673480563,-0.232974911715001,-0.570815829605021,-0.792165494987723,-0.890559291647172,-0.572869905613804,-0.925877472872366,-0.700123973938942
40158,14,"Male",-0.26347480505155,0.0266483913837738,-0.136315078954617,-0.867238398908626,-0.170542808525308,-1.08753086846346,-0.478800183169911,-0.889179754559137,-0.0512563512761383,0.0575667331451533,-1.12093499369158,-0.138773473875966,0.251408843669784,-1.19768104441065,0.34688941022753,-0.397372147239953,-0.19408790971224,-0.678248334003682,-0.40553439352683,-0.596738673480563,-0.232974911715001,0.184595425806235,-0.580044282866511,-0.803979205067085,-0.41919025193415,-0.880422927417821,-0.726097999912968
22380,15,"Female",0.769741978165233,0.31336167809706,2.3839646413251,0.562831531161304,-0.170542808525308,0.720161439228852,0.828892124522397,1.11082024544086,0.312380012360225,0.151972327550747,0.83827246551588,0.672415337312845,0.264229356490297,-0.181946778676381,0.63709920043732,-0.208560958428764,-0.19408790971224,-0.48594064169599,-0.150289638282075,0.903261326519437,-0.194513373253463,2.57387281508362,-0.189601392423621,-0.90887430996219,-0.704738037481936,2.22796868097379,-1.07924485305982
60514,15,"Female",-0.0683990474757921,-0.209715244979862,-0.404496897136435,-0.405117186787414,-0.170542808525308,0.079135798203211,-0.645466849836577,-0.555846421225803,-0.187619987639775,-0.398241347662928,1.35002460226802,-0.0466017567042487,-0.248591156330216,-1.34540831713792,-1.3084136200755,-0.503432753300559,-0.19408790971224,-0.594915000670349,-0.204776817769254,-0.555072006813896,-0.232974911715001,-0.46565709944629,-0.95883216165439,-0.527464053551933,-0.553028635772535,-1.53004413953903,-1.10488587870085
74849,13,"Male",-0.867010158586903,-0.198604133868751,-0.376719119358657,-1.32178385345408,-0.170542808525308,-1.08753086846346,-0.978800183169911,-0.889179754559137,-0.187619987639775,-0.412130236551816,-1.30275317550976,-1.36604620114869,-1.08192448966355,-1.47040831713792,-1.51674695340883,1.99656724669944,0.194800979176649,2.04397388821854,0.781334293341857,0.903261326519437,1.15591397717389,-0.322138580927772,0.559686356864129,1.49568409459621,1.04882321607932,0.129678082683189,-0.882663656478624
55854,18,"Male",-0.117010158586904,-0.0430485783131958,-0.243385786025324,-0.932894964565192,-0.170542808525308,-0.754197535130122,-0.645466849836577,-0.833624199003581,-0.020953320973108,-0.0787969032184829,0.32687645411987,-0.440120275222768,-0.378220785959846,-1.41485276158236,0.205475268813388,-0.336766086633893,-0.19408790971224,-0.0115816673370157,0.392445404452967,0.0699279931861035,0.100358421618332,-0.525842284631476,-0.236609939432167,0.0327211316332517,-0.265991598735497,-1.53698858398348,0.00622523241026429
92779,17,"Female",-0.0225657141424587,-0.209715244979862,0.0255031028635648,1.07821614654592,-0.170542808525308,0.672469131536545,1.10119981683009,-0.569179754559137,-0.187619987639775,-0.412130236551816,-0.18275317550976,-0.126046201148694,0.318075510336451,-1.43040831713792,0.283253046591166,-0.670099419967226,-0.19408790971224,-0.678248334003682,-0.496443484435921,-0.596738673480563,-0.232974911715001,-0.298434877224069,0.561167838345609,-0.1991307202186,-0.405250857994757,1.84412252712763,-0.191552545367513
38560,12,"Female",-1.17256571414246,1.10846657320196,0.672775830136292,0.814579782909555,0.0112753732928743,0.730650949718363,0.61210890773918,0.610820245440863,0.221470921451134,1.87574855132697,0.72754985479327,1.54304470794222,0.721105813366754,1.21140986468026,-0.107656044317925,-0.215553965421771,-0.012269727894058,0.230842575087227,0.0490110610186242,-0.00582958257147215,-0.187520366260456,-0.0123742711634628,-0.0194382222604501,0.726323825235945,0.14141580867191,0.142304345309451,0.00117472735975932
54668,17,"Female",0.490477764118411,0.0772412767592678,-0.150149071049479,1.76517266828505,-0.170542808525308,1.60812130544959,1.06467807769965,1.02386372370173,0.247162621055877,0.196565415622096,0.885652621591688,0.764388581460002,0.294887104539348,0.073069943731646,0.091948698765079,-0.322273333010704,-0.19408790971224,-0.199987464438465,-0.366008701827226,-0.248912586524041,-0.189496650845436,-0.473507340992184,-0.0602814370167086,-0.449565502827296,-0.336845060893307,-1.56718182069845,-1.09763950188925
56533,13,"Female",-1.13685142842817,-0.138286673551291,-0.183068325707864,-0.536069567739795,0.0437429057604067,-0.516102297034884,-0.193085897455625,-0.389179754559137,0.0980942980745111,0.111679287257708,-0.255134127890712,-0.604141439243932,-0.27240068013974,-0.506122602852205,-0.873889810551691,-0.670099419967226,-0.19408790971224,-0.678248334003682,-0.496443484435921,-0.596738673480563,-0.232974911715001,1.33394607515688,0.755453552631324,0.776107375019495,0.141415808671908,0.681265384270491,0.585590311775344
53395,16,"Female",1.0595771430004,0.218856183591566,0.888360245720708,0.749644717974491,1.15088576290326,0.841040560107973,0.628342673972946,0.860820245440863,0.0980942980745111,-0.0907016651232452,0.423437300680715,1.44347760837512,1.04902789128883,-0.148979745709348,0.126110189448309,1.40132915146135,0.30591209028776,1.42889452313917,0.82498508699265,1.29611846937658,0.195596516856427,-0.237482496271688,-0.0540702568924867,2.31182166073378,0.915225332481433,1.52055109855621,1.04987602606106
24940,15,"Male",-0.861162205370529,0.034729199464582,1.63439199175245,-1.21067274234297,-0.114987252969752,-0.920864201796789,-0.478800183169911,-0.72251308789247,-0.0765088765286636,-0.0973154217370018,-1.08053095328754,-0.884564719667212,-0.674517082256142,-0.859297206026808,-1.23896917563106,0.718789468921663,1.30591209028776,0.54397388821854,0.892445404452968,1.34770577096388,1.32258064384055,1.01119475240556,0.54116783834561,0.532721131633252,0.715489882745985,0.213011416016522,-0.104885878700847
89562,12,"Male",0.0186107564457765,-0.103832892038686,-0.266261603018788,0.0311573230165074,-0.170542808525308,-0.675766162581102,-0.331741359640499,-0.18329740161796,-0.12879645822801,0.136889371291321,-0.675302195117604,-0.0327128678153592,0.0161147260227246,0.441356388744434,-0.104982247526481,-0.670099419967226,-0.19408790971224,-0.678248334003682,-0.496443484435921,-0.596738673480563,-0.232974911715001,-0.500787818400539,-0.743145887144586,-0.887758171198992,-0.799760661916325,-0.411171590519425,-0.85978783948516
60076,13,"Male",0.252434285857541,-0.0497152449798626,0.395503102863565,-0.271783853454081,-0.0705428085253075,-0.487530868463455,-0.57880018316991,-0.489179754559137,-0.187619987639775,0.10453643011485,-0.186086508843094,-0.566046201148694,-0.715257822996883,0.379591682862081,-0.416746953408834,0.829900580032774,-0.14408790971224,0.421751665996318,-0.146443484435921,1.05326132651944,-0.182974911715001,-0.0351015438907349,1.92450117167894,0.247535946448065,0.34141580867191,1.77412252712763,-0.171552545367513
71319,12,"Female",0.212049670472926,0.0133616780970607,0.499349256709719,1.60129306962284,-0.132081270063769,1.60477682384424,1.21350750913778,1.03389716851779,0.00468770466791765,-0.258284082705663,0.222887850131266,0.787799952697461,0.866793459054399,0.702668605939004,0.906329969668089,-0.439330189197995,-0.0402417558660859,-0.447479103234452,-0.457981945974383,-0.596738673480563,-0.0791287578688473,1.31746255867337,-0.189601392423621,-0.742207643295523,-0.679097011840911,-0.233569780564674,-0.656167929982898
30654,14,"Male",-0.509522235881589,-0.17493263628421,-0.419714288440783,0.808650929154615,0.525109365387736,1.12986043588437,0.673373729873568,0.458646332397385,-0.100663465900644,-0.10778241046486,0.407391752026471,0.546997277112177,0.193437829177031,-1.33997353452922,-0.995007822974052,-0.670099419967226,-0.19408790971224,-0.678248334003682,-0.496443484435921,-0.596738673480563,-0.232974911715001,-0.618434877224068,-1.06028143701671,-0.811884343407006,-0.77162766958896,-1.28457312504628,-0.6628568931936
21854,12,"Female",-0.684470476047221,-0.209715244979862,-0.254496897136435,-0.417021948692176,-0.170542808525308,-0.80181658274917,-0.78832399269372,-0.603465468844851,-0.0923818924016795,-0.412130236551816,-0.286880159636746,-0.889855724958218,-0.827956235695296,0.00578215905255708,0.00706257040068969,-0.670099419967226,-0.19408790971224,-0.678248334003682,-0.496443484435921,-0.549119625861515,-0.232974911715001,-0.401768210557402,-0.85883216165439,-0.885797386885267,-0.691917524661424,-0.875877472872366,-0.571552545367513
63086,12,"Female",0.577434285857541,-0.176381911646529,-0.321163563803102,-0.655117186787414,-0.170542808525308,-0.504197535130122,0.271199816830089,-0.555846421225803,-0.187619987639775,-0.356574680996261,-0.80275317550976,-0.893823978926471,-0.83192448966355,-0.845408317137919,1.73325304659117,-0.336766086633893,-0.0274212430455732,-0.344915000670349,-0.0797768177692544,0.0699279931861035,-0.232974911715001,-0.423990432779624,0.0689456161233875,-0.180241831329711,-0.303028635772535,-0.467544139539033,1.31178078796582
46692,15,"Male",-1.89875619033294,0.114094278829661,-0.435449278088816,-1.17892671059694,-0.0276856656681646,-0.944673725606313,-0.835943040312768,-0.889179754559137,-0.187619987639775,0.111679287257707,-0.667832540589126,-0.635887470989963,-0.399384807123867,-0.279932126661729,-0.516746953408834,-0.670099419967226,-0.19408790971224,-0.678248334003682,-0.496443484435921,-0.596738673480563,-0.232974911715001,-0.539069797858989,-0.435022637844867,-0.446114847202727,-0.58874292148682,-0.652067949062843,-0.700123973938942
58420,17,"Female",-1.09564263721938,-0.163561398826016,0.830118487478949,-0.706399238069465,-0.170542808525308,-0.97214625307884,-0.671107875477603,-0.81225667763606,-0.187619987639775,-0.360848185269765,-0.48224035499694,-1.00707184217433,-0.351155258894319,-0.412716009445611,0.0986376619757814,-0.400868650736457,-0.19408790971224,-0.601325257080605,-0.381058869051306,-0.519815596557486,-0.232974911715001,1.11233435354516,0.733475530653303,1.0783051772173,0.269620936877038,0.958737911743018,0.189985916170948
53984,15,"Female",-0.459602751179496,0.190284755020137,-0.0619043045438425,-0.247709779380007,-0.170542808525308,-0.16160494253753,-0.534355738725466,-0.778068643448026,-0.150582950602738,-0.0664512242061376,0.252802380045795,0.609262440826616,-0.00785041558947608,0.899962053232451,0.446216009554129,1.29286354299574,0.768875053250723,0.91434425858891,1.0220750340826,1.0699279931861,-0.0107526894927791,-0.18633611179197,1.57203203587647,1.06358532916411,1.74635408027685,0.101900304905411,0.728447454632487
87934,14,"Female",1.52386285728611,-0.138286673551291,-0.36878261142215,-1.0360695677398,-0.170542808525308,-1.08753086846346,-0.907371611741339,-0.889179754559137,-0.187619987639775,-0.364511188932769,-0.981324604081189,-1.03271286781536,-0.689067346806407,0.601020254290652,-0.445318381980262,-0.562956562824369,-0.19408790971224,-0.642534048289397,-0.496443484435921,-0.596738673480563,-0.232974911715001,-0.332720591509782,-0.756451209273437,-0.700083101170981,-0.299060381804281,0.80626538427049,0.0855903117753436
62637,12,"Female",1.34529142871468,-0.11685810212272,-0.383068325707864,0.606787575117348,-0.134828522811022,0.519611988679402,0.592628388258661,0.825105959726578,0.098094298074511,0.647393572971993,0.0305801578235723,0.836334751232259,0.85855170081264,0.422448825719224,0.411824475162595,2.18704343717563,-0.19408790971224,2.96460880885346,1.28927080127836,1.72468989794801,0.481310802570713,0.131565122775931,0.255453552631323,1.70467880359093,1.46284438010048,-0.408020330015224,0.371304597489629
32032,12,"Male",0.998486917436488,0.0323900181780323,-0.307128476083804,0.62558456759855,0.145246665158903,-0.192794026358192,1.12646297472483,0.584504455967179,0.022906328149699,0.236992570465727,0.469176649051642,-0.822186552025886,0.953163229634696,-0.444092527664235,1.32535830974906,-0.249046788388279,-0.0361931728701346,-0.257195702424735,-0.233285589699079,-0.386212357691089,-0.0224485959255275,0.714898456109266,0.076255557643855,0.189641209605961,0.369485984110507,1.03464884291711,1.14950008621143
20155,14,"Female",-1.01515830673505,-0.172678207942826,-0.0248672675068056,-0.914376446046673,-0.170542808525308,-0.976419757352344,-0.941763146132874,-0.8521427175221,-0.150582950602738,-0.412130236551816,-1.27806181748507,-0.909256077691903,-0.859702267441327,-0.933371280100882,-1.10933954600143,-0.670099419967226,-0.19408790971224,-0.567137222892571,-0.459406447398884,-0.226368303110193,-0.232974911715001,-0.359175617964809,-0.662535865358094,-0.529007263428477,-0.475868141945374,0.379678082683189,0.469188195373228
51996,16,"Male",1.23260669965064,-0.0855773139453797,-0.185531379895056,-0.597645922419598,-0.170542808525308,-0.708220523635869,-0.427076045238876,-0.751248720076378,-0.153137229019085,-0.262704949195495,-0.601603750222405,-0.182138155171683,-0.426752075870446,-0.625580730931023,1.10394270176358,0.157486786929326,-0.12512239247086,-0.367903506417475,-0.255064174091094,-0.0450145355495286,0.00840439862982648,-0.618434877224068,-0.705958598436,-0.135222674241589,0.10693305005122,1.25515700988625,0.0387922822186935
50726,13,"Female",1.02386285728611,-0.159715244979862,-0.433068325707864,-1.07178385345408,-0.134828522811022,-1.01610229703488,-0.907371611741339,-0.817751183130565,-0.151905701925489,-0.388320712742293,-0.600372223128808,-1.25890334400584,-0.903353061092121,0.351020254290652,0.483253046591166,-0.63438513425294,-0.19408790971224,-0.642534048289397,-0.496443484435921,-0.596738673480563,-0.232974911715001,-0.570815829605021,-0.911213114035343,-0.307225958313838,-0.549060381804281,-0.640163187158081,0.264161740346772
74643,13,"Female",0.731280439703695,-0.109715244979862,-0.454496897136435,-0.475630007300235,-0.170542808525308,-0.202915483848071,-0.74803095240068,-0.54302590840529,-0.187619987639775,-0.373668698090278,-0.943778816535402,-0.737841072943565,-0.466539874278934,-1.23963908636869,-1.32443926110114,0.522208272340466,-0.117164832789163,0.206367050611702,-0.304135792128229,0.672492095750206,0.036255857515768,-0.323563082352274,0.015526812704584,-0.396053797141677,-0.102173934917834,-0.291262088256982,-1.1561679299829
48178,13,"Male",-0.226913540229416,0.0511543202375289,1.16289440721139,-1.06091428823669,-0.170542808525308,-0.652748259767803,-0.500539313604693,-0.758744971950441,-0.187619987639775,-0.412130236551816,-0.143332885654687,-0.424017215641448,-0.400765069373695,0.290461248079472,-0.125442605582747,2.85163971046756,-0.19408790971224,1.93044731817023,2.06877390686843,1.79456567434552,0.94093813176326,0.367072369152743,2.60638522964996,1.91275333775241,1.96750276519365,1.12847035321459,-0.0976395018892524
45401,14,"Female",-1.32256571414246,-0.0497152449798626,-0.00116356380310179,-1.18845052012075,-0.103876141858641,-0.954197535130122,-0.778800183169911,-0.689179754559136,-0.187619987639775,-0.301019125440705,-0.369419842176428,-0.966046201148693,-0.704146711885772,-1.37040831713792,-0.516746953408834,-0.603432753300559,-0.19408790971224,-0.678248334003682,-0.429776817769255,-0.596738673480563,-0.232974911715001,-0.373990432779624,-0.781054383876613,-0.985797386885267,-0.725250857994757,0.624122527127633,-1.20488587870085
20424,16,"Female",-0.307181098757844,-0.0943306295952471,-0.154496897136435,-1.01409154576177,-0.0936197316022306,-1.01060779154038,-0.74803095240068,-0.773795139174521,-0.187619987639775,-0.412130236551816,-1.07198394474053,-1.12245645755895,-0.761411669150729,-0.0857929325225346,-0.978285414947295,-0.285484035351841,-0.155626371250701,-0.639786795542144,0.272787284794848,-0.250584827326717,-0.156051834791924,-0.515870774659966,-0.087037289859518,-0.678105079192959,0.102954270210371,-1.32972362671852,-0.0407833145982821
79275,13,"Male",-0.595642637219382,-0.00971524497986254,-0.362189204828743,-0.244860776531004,-0.170542808525308,-0.47214625307884,-0.0172617216314492,0.264666399287017,-0.187619987639775,0.254536430114849,-0.16172753448412,-0.0327128678153605,-0.299873207612268,1.452668605939,0.0217145850527045,-0.477791727659534,-0.19408790971224,-0.601325257080605,-0.419520407512844,-0.519815596557486,-0.232974911715001,-0.528691287480479,-0.894729597551826,-0.344771745859626,-0.0508918836357826,0.17027637328148,1.88229360847864
50491,14,"Female",-0.582565714142459,-0.0817152449798626,1.5038364361969,1.59821614654592,-0.170542808525308,-0.0875308684634555,0.621199816830089,-0.209179754559137,-0.147619987639775,0.185091985670405,-0.108308731065317,0.00895379885130598,0.154186621447562,0.696258349528747,0.858253046591166,0.121567246699441,1.51424542362109,0.530084999329651,1.54522318223075,1.27826132651944,0.142025088284999,0.673231789442598,-0.250498828321057,0.94475816867029,0.266415808671909,2.28245586046097,0.978447454632487
88265,15,"Male",-0.980258021834767,-0.148176783441401,-0.216035358674897,-0.898706930377158,-0.170542808525308,-0.741377022309609,-0.901877106246834,-0.81225667763606,-0.187619987639775,-0.399309723731304,-1.14890702166361,-1.21220004730254,-1.08192448966355,-1.33579293252253,-1.43982387648576,-0.55471480458261,-0.19408790971224,2.55252089676555,-0.496443484435921,-0.596738673480563,-0.232974911715001,0.894385635596442,2.47706527424305,3.01420261311473,0.628595295851394,2.32412252712763,2.72844745463249
67650,12,"Female",0.910767619190874,-0.054159689424307,-0.454496897136435,-0.0995616312318586,0.0516794136969147,-0.5319753129079,-0.423244627614355,-0.111401976781359,-0.150582950602738,0.698980874559294,-0.117567990324576,0.115435280332787,0.0785693374969436,0.585147238417636,0.409178972517092,-0.670099419967226,-0.19408790971224,-0.641211296966645,-0.496443484435921,-0.596738673480563,-0.232974911715001,-0.593743519199377,0.102896233407338,0.285807551386339,0.203144203733638,-1.10180339879829,0.0988178250028571
33312,13,"Male",0.918343376766632,-0.191533426798044,-0.163587806227344,0.26912523745501,-0.125088263070762,-0.0420763230089101,-0.0697092740790017,-0.480088845468227,-0.187619987639775,-0.30606963049121,-0.71184408460067,-0.290288625391118,0.00898460124554101,-0.947681044410646,-0.65311058977247,-0.0791903290581348,-0.0577242733486034,-0.178248334003682,-0.223716211708648,-0.32401140075329,-0.0966112753513649,-0.482071240860432,-0.473983676805905,-0.622161023248903,-0.570705403449302,-1.17587747287237,-0.862461636276604
23861,16,"Female",0.744100952524207,-0.0615670968317144,-0.261904304543843,-0.988450520120748,-0.170542808525308,-0.90234568327827,-0.386207590577318,-0.296587161966544,-0.187619987639775,-0.189908014329594,-0.56201243476902,-0.872219040654866,-0.649825724231451,0.585147238417636,-0.701932138594019,-0.336766086633893,-0.0829767986011287,-0.122692778448127,0.0220750340825973,-0.226368303110193,-0.158900837640927,-0.297447222903081,-0.637844507333402,-0.109254177008724,-0.179571845649078,0.472270675275782,0.802521528706561
15030,12,"Female",-0.792130931533763,-0.0879761145450799,-0.21101863626687,0.373868320458963,0.220761539300779,0.477686522840892,0.325547642917046,0.41516807152782,0.116727838447182,-0.136767917711237,0.813188853475746,1.50351901624261,0.106481307437899,1.26872211764469,0.874557394417253,-0.278795072141139,0.327651220722543,0.234795144257187,0.286165211216253,0.0989135004324804,0.0278946535023901,0.874318745964338,-0.0168031761471441,-0.377101734711353,-0.162932017415047,1.49803557060589,1.64149093289336
28921,16,"Male",-1.64478793636468,-0.0393448746094922,-0.277573820213358,-1.21067274234297,-0.170542808525308,-1.01345679438938,-0.978800183169911,-0.8521427175221,-0.113545913565701,0.649598158509912,-0.203987743410995,-0.304317806086965,-0.402912143984538,-0.414852761582363,-0.44267287933476,0.0606698108020048,-0.117164832789163,0.129443973688625,0.157402669410233,-0.0582771350190245,-0.194513373253463,-0.272281031070222,-0.317806520628749,-0.152464053551933,-0.486789319533218,-0.733569780564674,-0.617706391521359
83699,13,"Male",1.31817502659828,-0.0689745042391219,-0.402645045284583,0.122660590990364,-0.170542808525308,0.245802464869878,0.354533150163423,-0.444735310114692,-0.187619987639775,-0.276327767416014,0.882432009675424,-0.29197212707462,-0.53871461312034,0.233295386565785,-0.44267287933476,-0.670099419967226,-0.19408790971224,-0.678248334003682,-0.496443484435921,-0.596738673480563,-0.232974911715001,-0.593743519199377,-1.13167166782723,-0.961106028860575,-0.475868141945374,-1.67587747287237,-1.04933032314529
29068,13,"Female",1.15435736278062,-0.209715244979862,-0.385266127905666,1.17821614654592,-0.0166966546791537,1.5663152853827,-0.786492490862218,1.68774332236394,-0.187619987639775,-0.348027672449252,1.28699041423383,0.916005080902588,1.68730627956722,-1.37425447098407,-1.09367003033191,-0.55471480458261,-0.19408790971224,-0.601325257080605,-0.419520407512844,-0.327507904249794,-0.232974911715001,-0.567152825942017,-0.574216777039006,-0.921694822782703,-0.845763678507577,0.977968680973787,0.382293608478641
25205,17,"Female",-0.345642637219382,0.244130908866291,0.0147338720943342,1.17821614654592,-0.0551581931406922,1.02785374692116,1.1365844322147,0.572358706979325,0.350841550821764,0.100690276268696,0.735708362951777,0.390364055261563,-0.415257822996883,2.29882245209285,0.290945354283474,0.791439041571236,0.152065936441606,1.36021320445786,0.311248823256387,0.0571074803655908,-0.232974911715001,0.522590763801573,0.887321684499455,1.91163851055063,0.731159398415499,-0.387415934410828,-0.233091006905975
33386,14,"Female",1.34666505508831,0.18259244732783,0.783964641325103,1.48590845423823,-0.132081270063769,1.68169990076731,0.25196904759932,1.80312793774856,0.0816107815909946,-0.104437928859509,0.363913491156906,1.31344097833849,1.66166525392619,-0.412716009445611,-0.0936700303319109,-0.477791727659534,-0.19408790971224,-0.409017564772913,-0.111828099820537,-0.212123288865179,-0.232974911715001,0.59951384072465,-0.612678315500544,-0.844771745859625,-0.35858419132809,0.208737911743018,-0.733091006905975
29169,13,"Male",0.0959528043760596,0.338432903168286,0.16031791767838,-0.469932001602229,-0.0964687344512335,-0.643086424019011,-0.0158372202069477,-0.22251308789247,-0.187619987639775,0.723672232583986,0.586135713379127,0.362348860579701,0.226717485645092,-0.063000909730512,1.03880860214672,-0.670099419967226,-0.19408790971224,-0.678248334003682,-0.496443484435921,-0.596738673480563,-0.232974911715001,1.30749104870186,-1.15636302585192,-0.936414670835884,-0.759818759229325,-1.305507102502,-1.27155254536751
50325,16,"Female",0.154357362780618,0.051823216558599,0.137503102863565,-1.32178385345408,-0.170542808525308,-0.895223176155763,-0.74803095240068,-0.889179754559137,-0.187619987639775,-0.360848185269765,-0.905317278073863,-0.968610303712796,-0.966539874278934,-0.816562163291765,-0.439823876485757,-0.590099419967226,-0.11408790971224,-0.598248334003682,-0.416443484435921,-0.516738673480563,-0.232974911715001,-0.311768210557402,-0.27883216165439,-0.772464053551933,-0.77858419132809,0.464122527127634,0.608447454632487
53370,15,"Female",-1.32641186798861,-0.0257152449798626,-0.334496897136435,-0.552553084223312,-0.170542808525308,-0.433684714617302,-0.363415567785295,-0.350718216097598,-0.187619987639775,1.07398087455929,0.211135713379128,0.481176021073529,-0.0402578229968829,0.987925016195414,0.274919713257832,-0.510099419967226,-0.19408790971224,-0.518248334003682,-0.496443484435921,-0.516738673480563,-0.232974911715001,-0.351768210557402,0.441167838345611,-0.6391307202186,-0.511917524661424,-1.15587747287237,-1.07155254536751
70659,13,"Male",0.46632317474643,-0.135641170905788,-0.291533934173472,-0.729191260861488,-0.13350577148827,-0.828271609204196,-0.756577960947688,-0.703994569373951,-0.187619987639775,-0.387438878527125,-0.537321076744328,-1.0697499048524,-0.674517082256142,-0.618556465286067,-0.590821027482908,-0.521951271819078,-0.19408790971224,-0.567137222892571,-0.422369410361847,-0.300442377184267,-0.195937874677964,-0.371521296977155,1.41153820871598,-0.788266522687736,-0.0190780184885836,-0.898099695094589,0.0988178250028571
46865,15,"Female",-0.76347480505155,0.544830209565592,-0.236315078954617,0.860034328364101,0.284002646020147,0.821560040627454,1.74847254410282,1.29263842725905,0.676016375996589,0.603021278599698,0.227549854793269,0.46728713218464,0.721105813366753,0.18868259195299,0.392343955682075,-0.53373578360359,-0.148633364257694,-0.632793788549137,-0.314625302617739,-0.369465946207836,-0.0966112753513649,-0.482071240860432,-0.00428670710893653,-0.743373144461024,-0.767675100418999,0.505940708945815,0.637538363723396
40366,12,"Male",0.712049670472926,-0.209715244979862,-0.431419974059512,-0.821783853454081,-0.0551581931406922,-0.856761637694225,-0.401877106246834,-0.889179754559137,-0.187619987639775,-0.412130236551816,-0.469419842176427,-0.94296927807177,-0.556283464022524,0.702668605939004,0.944791508129628,1.560669810802,-0.117164832789163,1.39867474291939,1.61894113094869,1.78787671113482,-0.156051834791924,-0.464588723377914,1.65655245373023,1.00138210029422,0.0516722189283197,1.92027637328148,1.15152437770941
90191,14,"Male",-0.226137142713888,-0.088286673551291,-0.040211182850721,-0.250355282025509,-0.170542808525308,-0.408959439892027,-0.371657326027054,-0.496322611701994,-0.187619987639775,-0.0417598661814461,-0.290407496497415,-0.366046201148693,-0.390566464972191,-0.118556465286067,0.0388086021467215,0.972757722889917,0.198769233144903,0.750323094567746,0.789270801278365,0.724689897948008,0.0884536597135702,0.0958508370616462,0.922120219297992,0.204678803590924,-0.29906038180428,1.30626538427049,1.29987602606106
24101,15,"Male",-0.348491640068385,0.656951421686804,0.612169769530232,1.38191985024962,-0.0594316974141965,1.43098765005506,0.873051668681941,0.592301726922345,0.62719482717504,0.785400627645715,0.154036947947029,1.37469453959205,0.794618720212993,1.14070279397319,0.446216009554129,0.811382061514256,-0.120013835638166,0.655084999329651,1.57763058963815,1.21807614133425,0.100358421618332,0.393910801788276,0.374501171678943,0.557412489657943,0.487094821017589,0.62041882342393,1.06178078796582
46479,15,"Male",0.952434285857541,0.150284755020138,-0.434496897136435,-0.0717838534540809,-0.170542808525308,0.312469131536544,-0.828800183169911,1.51082024544086,-0.187619987639775,-0.128796903218483,0.64724682449024,1.83395379885131,0.701408843669783,-1.32040831713792,-0.966746953408834,1.92990058003277,-0.19408790971224,2.17175166599632,1.40355651556408,1.25326132651944,0.567025088284999,-0.568434877224068,0.874501171678944,1.44753594644807,1.45808247533858,-0.625877472872366,0.628447454632487
89000,12,"Female",-0.193316702284752,-0.0879761145450799,1.02732128468175,-0.278305592584516,-0.127064547655742,-0.217965651072151,-0.457061052735128,-0.323962363254789,-0.144141726770209,0.153087154752531,-0.346231436379327,0.300620465517974,-0.415257822996883,1.13828733503599,0.091948698765079,0.829900580032774,-0.103178818803149,0.5035698478145,0.639920151927715,0.7668976901558,0.448843270103181,0.654292395503204,0.692682989860762,-0.000948902036782329,-0.0100993428432422,1.64230434530945,1.5466292728143
78457,15,"Female",-0.53367682525357,-0.120826356090974,0.0047623621228241,-0.692154223824451,-0.170542808525308,-0.680123461056048,-0.756577960947689,-0.518809384188766,-0.187619987639775,-0.251636409391323,0.400950528193943,-1.05740422584005,-0.575751650157377,-0.970408317137919,-0.961191397853278,-0.670099419967226,-0.19408790971224,-0.678248334003682,-0.496443484435921,-0.522664599406489,-0.232974911715001,-0.0628793216685134,-0.798338334493896,-0.985797386885267,-0.759818759229325,-0.87958117657607,0.246965973151005
46738,14,"Female",0.500511208934464,-0.0712537065183241,-0.33911228175182,0.524369992699765,-0.0936197316022306,0.297084516151929,0.0596613552916279,-0.0430259084052904,-0.149158449178236,-0.194181518603099,0.363913491156906,0.210876875774384,0.0975626898236301,0.0680532213236194,-0.132131568793449,0.829900580032774,0.0366813210569909,0.783290127534779,0.657402669410233,0.672492095750206,0.420871242131153,0.176436917647726,-0.0742167770390054,0.296253895166016,0.436287603543705,-0.0797236267185204,0.113062839247871
45322,12,"Female",1.42358813201139,-0.202022937287555,-0.423727666367204,-0.937168468838696,-0.170542808525308,-0.510607791540378,-0.286492490862219,-0.466102831482213,-0.187619987639775,-0.399309723731304,-0.289932662689248,-0.840405175507667,0.0591011513620912,-1.08579293252253,-1.01674695340883,-0.400868650736457,-0.19408790971224,-0.447479103234452,-0.496443484435921,-0.404430981172871,-0.156051834791924,-0.515870774659966,-0.433191136013365,-0.383233284321164,-0.345763678507578,-1.02203131902621,-0.925398699213667
44190,14,"Female",-0.218862010438756,-0.120826356090974,0.33068828804875,0.937475405805178,-0.170542808525308,1.35691357598099,0.502681298311571,1.1478572824779,0.293861493841707,-0.375093199514779,0.363913491156906,0.979632811196985,1.28844588070682,-0.174112020841623,0.0758456391837585,0.62619687632907,0.583689868065538,0.618047962292614,0.540593552601116,0.662520585778696,0.692951014210925,0.0235404314179066,-0.0205605567161193,0.446301378546831,0.734008401264502,-0.268470065464959,0.135854862039894
34185,17,"Female",0.256005714428969,1.19742761216299,2.14550310286356,0.856787575117347,1.54374290576041,1.16246913153654,0.271199816830089,1.14653453115515,-0.187619987639775,1.73072690630533,0.518675395918811,0.776810941708449,0.525218367479307,1.3688773971478,0.411824475162595,1.61561486574706,1.62734066171633,1.53603738028203,1.86069937270694,0.974689897948009,1.80273937399928,1.65537464658546,1.06497736215513,1.15705975597188,1.09379676105286,0.502693955699062,0.942733168918201
56933,13,"Male",0.000511208934464324,-0.0866383219029394,-0.423727666367204,0.216677685007458,-0.132081270063769,-0.0875308684634555,-0.132646337016065,-0.119948985328367,-0.0722353722551593,-0.360848185269765,-0.110445483202069,-0.314764149866643,-0.274232181971242,-0.124254470984073,-0.285977722639603,-0.55471480458261,-0.19408790971224,-0.601325257080605,-0.496443484435921,-0.596738673480563,-0.232974911715001,-0.618434877224068,-0.510114212936442,-0.985797386885267,-0.409866242610142,1.92027637328148,2.57460130078633
81827,12,"Female",-0.292936084512829,-0.18749302275764,0.0121697695302314,1.71525318358296,-0.0223946603771593,2.02358024264766,1.79897759460787,2.07378320840383,-0.187619987639775,-0.325710483465397,1.24045670103345,1.48580565070316,0.942766868361143,0.548110201380599,0.668438231776351,0.88545613558833,-0.0459397615640917,0.655084999329651,-0.38533237332481,0.218076141334252,-0.232974911715001,-0.0505336426561671,1.23869870254314,0.903091502003622,1.21548988274598,-0.786988583983478,-0.493774767589735
81916,15,"Male",-1.85113714271389,-0.181143816408434,0.43121738857785,-0.750355282025509,-0.170542808525308,-0.516102297034884,-0.121657326027054,-0.603465468844851,-0.187619987639775,-0.221654046075626,-0.397991270747856,-0.22318905829155,-0.486686394425454,-1.18469403142363,0.69753876087688,0.758472008604203,0.948769233144903,0.536037380282032,0.789270801278365,0.617547040805151,0.767025088284999,0.714898456109266,0.0411678383456113,0.347535946448066,0.52236818962429,-0.247306044300938,0.0141617403467724
68506,16,"Male",-0.351137142713888,0.275999040734423,-0.0116397542792923,0.535359003688776,0.18660004861755,-0.373245154177741,0.164056959687232,0.182248816869435,0.598094298074511,1.06406023963866,0.102008729252143,0.562525227422735,0.370456462717403,0.422448825719224,1.05468161801974,-0.527242277110083,-0.19408790971224,-0.678248334003682,-0.496443484435921,-0.596738673480563,-0.232974911715001,-0.285101543890735,-0.149308352130581,-0.842940244028124,-0.572869905613805,-0.818734615729509,-0.914409688224656
37341,16,"Female",-0.672565714142459,-0.145715244979862,-0.231419974059512,-1.04178385345408,-0.0905428085253076,-0.887530868463455,-0.698800183169911,-0.609179754559137,-0.187619987639775,-0.398796903218483,-0.836086508843094,-1.16604620114869,-0.775257822996883,-0.290408317137919,-0.116746953408834,-0.631637881505687,-0.19408790971224,-0.601325257080605,-0.419520407512844,-0.519815596557486,-0.232974911715001,-0.618434877224068,-1.2665244693467,-0.985797386885267,-0.85858419132809,-1.4066467036416,-1.23309100690597
99378,12,"Other:",0.651508359931615,-0.165270800535418,0.0417993991598611,-0.136598668268896,-0.170542808525308,-0.272716053648641,0.243422039052312,-0.22251308789247,-0.187619987639775,-0.325710483465397,-0.19164206439865,0.510497008727849,0.424248349842623,-1.08151942824903,0.779549342887462,0.144715394847589,0.139245423621094,0.54397388821854,0.948000960008523,0.73659465985277,0.433691754951666,0.875392283269759,-0.0822889517778473,0.582103847682634,0.351292351881786,1.194492897498,1.65437338055841
55810,18,"Female",-1.05589904747579,0.770284755020137,0.358836436196898,0.844882813212586,0.0961238581413592,0.545802464869878,0.621199816830089,0.67748691210753,-0.020953320973108,0.0878697634481833,0.719469046712462,0.778398243295751,1.54029773255867,1.31292501619541,0.916586379924499,0.129900580032774,0.539245423621094,0.221751665996318,0.603556515564079,0.73659465985277,0.133691754951666,0.470454011664821,0.64116783834561,0.425313724225844,1.15252691978302,0.274122527127634,0.795114121299153
84599,14,"Female",0.100161558584813,-0.00971524497986254,0.0545940119544739,-0.0945111261813536,-0.170542808525308,-0.814803595736183,0.703017998648271,0.292638427259045,-0.0967108967306837,-0.396978721400301,-0.15123802399461,0.649105314002822,-0.203136610875671,1.46140986468026,0.619616682954802,0.37535512548732,-0.19408790971224,0.185388029632681,-0.314625302617739,-0.278556855298745,0.0852069064668169,0.396716637927446,-0.413377616199845,1.01420261311473,0.505052172308272,1.36957707258218,0.637538363723396
24207,12,"Female",0.990477764118411,0.0511543202375289,-0.271888201484261,0.243433537850267,-0.0835862867861771,0.216816957623501,0.369025903786611,0.284733288919124,0.0297713167080514,-0.0787969032184831,-0.215796653770631,-0.105176635931303,-0.705112895460651,0.26872211764469,0.35281826398247,-0.670099419967226,-0.19408790971224,-0.678248334003682,-0.452965223566356,-0.379347369132737,-0.232974911715001,-0.401043572876242,-1.11825245150946,-0.913333618769325,-0.568729118864322,-1.06718182069845,-1.05416124101969
65077,12,"Female",0.365895824319079,0.0595155242509067,0.0531954105558725,0.178216146545919,-0.170542808525308,-0.0490693300019169,0.790430586060858,0.0338971685177865,0.120072320052533,0.562228737807157,0.19724682449024,0.133953798851307,0.0462806385415786,0.587283990554388,-0.132131568793449,-0.670099419967226,-0.19408790971224,-0.639786795542144,-0.496443484435921,-0.596738673480563,-0.232974911715001,-0.40048615927535,-0.907550110372338,-0.921694822782703,-0.756020088763987,-1.38741593441083,-1.04078331459828
36987,14,"Male",0.342140168210482,-0.0803034802739802,0.827856044040035,0.619392617134154,1.30004542676881,1.03011619036007,0.550611581535972,0.81670259838204,0.694732953536696,0.41139917521289,-0.028243371588192,-0.0523207109526145,-0.0623166465262948,0.26488580050914,0.0126648112970482,0.624018227091598,0.982382678523054,0.792339901290435,0.797674162622902,0.403261326519437,1.29643685299088,1.00901610316809,0.668618818737766,0.680869279781399,0.533572671417008,0.000593115362927721,0.0225651016913102
16024,15,"Male",-0.978121269698015,-0.202307837572455,-0.432274674914213,-0.395857927528155,-0.170542808525308,-0.606049386981974,-0.645466849836577,0.1478572824779,-0.187619987639775,-0.375093199514779,0.499715960292708,-0.600614102383261,-0.563405971145031,2.15922131249171,0.964734528072647,-0.670099419967226,-0.19408790971224,-0.678248334003682,-0.496443484435921,-0.596738673480563,-0.232974911715001,-0.606089198211723,-0.662535865358094,-0.936414670835884,-0.833892833303399,0.898196601201708,1.13585486203989
19664,12,"Female",-0.362565714142459,-0.153715244979862,-0.454496897136435,1.47821614654592,0.149457191474692,1.31246913153654,1.26119981683009,1.23082024544086,0.0123800123602253,0.0278697634481833,1.40391349115691,0.953953798851307,1.33140884366978,-0.330408317137919,0.643253046591166,0.329900580032774,-0.19408790971224,-0.318248334003682,0.103556515564079,-0.236738673480563,-0.192974911715001,-0.365101543890735,0.52116783834561,0.0408692797814,0.794749142005242,-1.01587747287237,0.408447454632487
47498,17,"Female",-0.961027252603997,0.128746293481676,-0.43911228175182,-0.475630007300235,-0.170542808525308,-0.241377022309609,0.0211998168300893,-0.196872062251444,-0.187619987639775,-0.130078954500534,0.107503234746649,0.146774311671819,-0.49218089991996,-0.0857929325225346,0.329406892745012,-0.362407112274918,-0.19408790971224,-0.601325257080605,-0.419520407512844,-0.365969442711332,-0.232974911715001,-0.310742569531761,-0.574216777039005,-0.293489694577575,-0.397045729789628,-1.06049285748775,0.189985916170948
